customerName,customerNumber,country,no_of_customer,total_order,warehousecode,productName
"Kelly's Gift Shop",496,"New Zealand",1,29,d,"Collectable Wooden Train"
"Kelly's Gift Shop",496,"New Zealand",1,31,d,"18th century schooner"
"Kelly's Gift Shop",496,"New Zealand",1,32,d,"The Schooner Bluenose"
"Kelly's Gift Shop",496,"New Zealand",1,26,d,"The Mayflower"
"Kelly's Gift Shop",496,"New Zealand",1,30,d,"The USS Constitution Ship"
"Kelly's Gift Shop",496,"New Zealand",1,35,d,"The Titanic"
"Kelly's Gift Shop",496,"New Zealand",1,31,d,"The Queen Mary"
"Kelly's Gift Shop",496,"New Zealand",1,31,d,"Pont Yacht"
"Euro+ Shopping Channel",141,Spain,5,157,d,"1954 Greyhound Scenicruiser"
"Oulu Toy Supplies, Inc.",311,Finland,1,29,d,"Pont Yacht"
"Oulu Toy Supplies, Inc.",311,Finland,1,37,d,"The Queen Mary"
"Double Decker Gift Stores, Ltd",489,UK,1,32,d,"1999 Yamaha Speed Boat"
"Online Diecast Creations Co.",363,USA,1,22,d,"1940 Ford Pickup Truck"
"Online Diecast Creations Co.",363,USA,1,27,d,"1958 Setra Bus"
"Double Decker Gift Stores, Ltd",489,UK,1,24,d,"HMS Bounty"
"Diecast Collectables",495,USA,1,34,d,"1957 Chevy Pickup"
"Dragon Souveniers, Ltd.",148,Singapore,1,49,d,"1940s Ford truck"
"Diecast Collectables",495,USA,1,43,d,"1964 Mercedes Tour Bus"
"Dragon Souveniers, Ltd.",148,Singapore,1,49,d,"1996 Peterbilt 379 Stake Bed with Outrigger"
"Royal Canadian Collectables, Ltd.",260,Canada,1,22,d,"The Titanic"
"Dragon Souveniers, Ltd.",148,Singapore,1,48,d,"1957 Chevy Pickup"
"Diecast Collectables",495,USA,1,37,d,"1926 Ford Fire Engine"
"Dragon Souveniers, Ltd.",148,Singapore,1,46,d,"1964 Mercedes Tour Bus"
"Dragon Souveniers, Ltd.",148,Singapore,1,31,d,"1926 Ford Fire Engine"
"Amica Models & Co.",249,Italy,1,22,d,"Collectable Wooden Train"
"Souveniers And Things Co.",282,Australia,1,38,d,"1940s Ford truck"
"Dragon Souveniers, Ltd.",148,Singapore,1,32,d,"1962 Volkswagen Microbus"
"Souveniers And Things Co.",282,Australia,1,43,d,"1940 Ford Pickup Truck"
"Souveniers And Things Co.",282,Australia,1,28,d,"1958 Setra Bus"
"Dragon Souveniers, Ltd.",148,Singapore,1,48,d,"1954 Greyhound Scenicruiser"
"Dragon Souveniers, Ltd.",148,Singapore,1,44,d,"1950's Chicago Surface Lines Streetcar"
"Dragon Souveniers, Ltd.",148,Singapore,1,48,d,"Diamond T620 Semi-Skirted Tanker"
"Diecast Collectables",495,USA,1,47,d,"1940s Ford truck"
giftsbymail.co.uk,240,UK,1,48,d,"Collectable Wooden Train"
"Diecast Collectables",495,USA,1,46,d,"1962 Volkswagen Microbus"
giftsbymail.co.uk,240,UK,1,46,d,"18th century schooner"
"Diecast Collectables",495,USA,1,49,d,"1980’s GM Manhattan Express"
"Diecast Collectables",495,USA,1,27,d,"1954 Greyhound Scenicruiser"
"Diecast Collectables",495,USA,1,45,d,"1950's Chicago Surface Lines Streetcar"
"Muscle Machine Inc",151,USA,2,72,d,"1957 Chevy Pickup"
"Diecast Collectables",495,USA,1,28,d,"Diamond T620 Semi-Skirted Tanker"
"Down Under Souveniers, Inc",323,"New Zealand",1,32,d,"1957 Chevy Pickup"
"Enaco Distributors",216,Spain,2,63,d,"The Titanic"
Gifts4AllAges.com,362,USA,1,47,d,"Pont Yacht"
Gifts4AllAges.com,362,USA,1,40,d,"The Queen Mary"
Gifts4AllAges.com,362,USA,1,34,d,"The Mayflower"
"Muscle Machine Inc",151,USA,2,78,d,"1954 Greyhound Scenicruiser"
Gifts4AllAges.com,362,USA,1,43,d,"18th century schooner"
"Muscle Machine Inc",151,USA,1,29,d,"1950's Chicago Surface Lines Streetcar"
"Muscle Machine Inc",151,USA,1,46,d,"Diamond T620 Semi-Skirted Tanker"
"Muscle Machine Inc",151,USA,1,46,d,"1962 City of Detroit Streetcar"
Gifts4AllAges.com,362,USA,1,48,d,"Collectable Wooden Train"
"Enaco Distributors",216,Spain,1,46,d,"1999 Yamaha Speed Boat"
Gifts4AllAges.com,362,USA,1,44,d,"1999 Yamaha Speed Boat"
"Enaco Distributors",216,Spain,1,41,d,"18th century schooner"
"Enaco Distributors",216,Spain,1,23,d,"The Schooner Bluenose"
Gifts4AllAges.com,362,USA,2,62,d,"The Titanic"
giftsbymail.co.uk,240,UK,1,26,d,"The Mayflower"
giftsbymail.co.uk,240,UK,1,48,d,"The Titanic"
giftsbymail.co.uk,240,UK,1,35,d,"The Queen Mary"
giftsbymail.co.uk,240,UK,1,24,d,"Pont Yacht"
"Enaco Distributors",216,Spain,1,24,d,"HMS Bounty"
"Enaco Distributors",216,Spain,1,50,d,"The USS Constitution Ship"
Gifts4AllAges.com,362,USA,2,75,d,"The USS Constitution Ship"
"Enaco Distributors",216,Spain,1,35,d,"The Queen Mary"
giftsbymail.co.uk,240,UK,1,21,d,"1999 Yamaha Speed Boat"
"Enaco Distributors",216,Spain,1,42,d,"Pont Yacht"
"AV Stores, Co.",187,UK,1,40,d,"Collectable Wooden Train"
"Diecast Classics Inc.",157,USA,1,45,d,"1950's Chicago Surface Lines Streetcar"
"Diecast Classics Inc.",157,USA,1,43,d,"1962 City of Detroit Streetcar"
"Australian Collectors, Co.",114,Australia,1,29,d,"1958 Setra Bus"
"Australian Collectors, Co.",114,Australia,1,42,d,"1940 Ford Pickup Truck"
"Diecast Classics Inc.",157,USA,1,25,d,"1958 Setra Bus"
"Australian Collectors, Co.",114,Australia,1,50,d,"1926 Ford Fire Engine"
"Diecast Classics Inc.",157,USA,1,41,d,"1957 Chevy Pickup"
"Diecast Classics Inc.",157,USA,1,48,d,"1964 Mercedes Tour Bus"
"Diecast Classics Inc.",157,USA,1,29,d,"1926 Ford Fire Engine"
"Diecast Classics Inc.",157,USA,1,25,d,"1940s Ford truck"
"Australian Collectors, Co.",114,Australia,1,45,d,"1940s Ford truck"
Gifts4AllAges.com,362,USA,2,63,d,"The Schooner Bluenose"
"Diecast Classics Inc.",157,USA,1,25,d,"1962 Volkswagen Microbus"
"Scandinavian Gift Ideas",448,Sweden,1,46,d,"1999 Yamaha Speed Boat"
"Diecast Classics Inc.",157,USA,1,29,d,"1980’s GM Manhattan Express"
"Diecast Classics Inc.",157,USA,1,31,d,"1954 Greyhound Scenicruiser"
"Diecast Classics Inc.",157,USA,1,36,d,"1996 Peterbilt 379 Stake Bed with Outrigger"
"Tekni Collectables Inc.",328,USA,1,29,d,"The USS Constitution Ship"
"Tekni Collectables Inc.",328,USA,1,36,d,"The Schooner Bluenose"
"Stylish Desk Decors, Co.",324,UK,1,29,d,"1996 Peterbilt 379 Stake Bed with Outrigger"
"Stylish Desk Decors, Co.",324,UK,1,50,d,"1954 Greyhound Scenicruiser"
"Stylish Desk Decors, Co.",324,UK,1,22,d,"1980’s GM Manhattan Express"
"Stylish Desk Decors, Co.",324,UK,1,28,d,"1962 Volkswagen Microbus"
"Technics Stores Inc.",161,USA,1,38,d,"1958 Setra Bus"
"Technics Stores Inc.",161,USA,1,32,d,"1940 Ford Pickup Truck"
GiftsForHim.com,357,"New Zealand",1,33,d,"The Mayflower"
GiftsForHim.com,357,"New Zealand",1,21,d,"1962 City of Detroit Streetcar"
GiftsForHim.com,357,"New Zealand",1,27,d,"1950's Chicago Surface Lines Streetcar"
GiftsForHim.com,357,"New Zealand",1,29,d,"Collectable Wooden Train"
"Technics Stores Inc.",161,USA,1,46,d,"1926 Ford Fire Engine"
"La Rochelle Gifts",119,France,1,35,d,"18th century schooner"
"Technics Stores Inc.",161,USA,1,40,d,"1940s Ford truck"
"La Rochelle Gifts",119,France,1,41,d,"The Schooner Bluenose"
"La Rochelle Gifts",119,France,1,31,d,"The Titanic"
"La Rochelle Gifts",119,France,1,37,d,"The Queen Mary"
"La Rochelle Gifts",119,France,1,40,d,"Pont Yacht"
"AV Stores, Co.",187,UK,1,29,d,"18th century schooner"
"Technics Stores Inc.",161,USA,1,47,d,"1962 Volkswagen Microbus"
"Reims Collectables",353,France,1,36,d,"HMS Bounty"
"Technics Stores Inc.",161,USA,1,26,d,"1980’s GM Manhattan Express"
"Technics Stores Inc.",161,USA,1,28,d,"1996 Peterbilt 379 Stake Bed with Outrigger"
"Boards & Toys Co.",219,USA,1,36,d,"The USS Constitution Ship"
"La Rochelle Gifts",119,France,1,33,d,"1957 Chevy Pickup"
"AV Stores, Co.",187,UK,1,46,d,"1950's Chicago Surface Lines Streetcar"
"La Rochelle Gifts",119,France,1,38,d,"1964 Mercedes Tour Bus"
"La Rochelle Gifts",119,France,1,19,d,"1926 Ford Fire Engine"
"AV Stores, Co.",187,UK,1,34,d,"1962 City of Detroit Streetcar"
"La Rochelle Gifts",119,France,1,38,d,"1940s Ford truck"
"AV Stores, Co.",187,UK,1,50,d,"The Schooner Bluenose"
"La Rochelle Gifts",119,France,1,49,d,"1962 Volkswagen Microbus"
"AV Stores, Co.",187,UK,1,38,d,"The Mayflower"
"La Rochelle Gifts",119,France,1,41,d,"1980’s GM Manhattan Express"
"La Rochelle Gifts",119,France,1,11,d,"1954 Greyhound Scenicruiser"
"La Rochelle Gifts",119,France,1,18,d,"Diamond T620 Semi-Skirted Tanker"
"AV Stores, Co.",187,UK,1,43,d,"The USS Constitution Ship"
"AV Stores, Co.",187,UK,1,32,d,"The Titanic"
"Baane Mini Imports",121,Norway,1,27,d,"1958 Setra Bus"
"Baane Mini Imports",121,Norway,1,35,d,"1940 Ford Pickup Truck"
"Baane Mini Imports",121,Norway,1,22,d,"1926 Ford Fire Engine"
"Stylish Desk Decors, Co.",324,UK,1,47,d,"1940s Ford truck"
"Stylish Desk Decors, Co.",324,UK,1,41,d,"1926 Ford Fire Engine"
"Stylish Desk Decors, Co.",324,UK,1,48,d,"1964 Mercedes Tour Bus"
"Stylish Desk Decors, Co.",324,UK,1,26,d,"1957 Chevy Pickup"
"Baane Mini Imports",121,Norway,1,36,d,"1940s Ford truck"
"Stylish Desk Decors, Co.",324,UK,1,32,d,"Pont Yacht"
"Baane Mini Imports",121,Norway,1,36,d,"1962 Volkswagen Microbus"
"Stylish Desk Decors, Co.",324,UK,1,30,d,"The Queen Mary"
"Baane Mini Imports",121,Norway,1,31,d,"1980’s GM Manhattan Express"
"Baane Mini Imports",121,Norway,1,45,d,"1996 Peterbilt 379 Stake Bed with Outrigger"
"AV Stores, Co.",187,UK,1,30,d,"The Queen Mary"
"Stylish Desk Decors, Co.",324,UK,1,42,d,"The Titanic"
"Stylish Desk Decors, Co.",324,UK,1,45,d,"The USS Constitution Ship"
"Reims Collectables",353,France,1,28,d,"1999 Yamaha Speed Boat"
"Reims Collectables",353,France,1,25,d,"1962 City of Detroit Streetcar"
"Reims Collectables",353,France,1,46,d,"Diamond T620 Semi-Skirted Tanker"
"Reims Collectables",353,France,1,22,d,"1950's Chicago Surface Lines Streetcar"
"Reims Collectables",353,France,1,36,d,"1954 Greyhound Scenicruiser"
"AV Stores, Co.",187,UK,1,35,d,"Pont Yacht"
"Stylish Desk Decors, Co.",324,UK,1,31,d,"The Schooner Bluenose"
"Stylish Desk Decors, Co.",324,UK,1,45,d,"18th century schooner"
"Down Under Souveniers, Inc",323,"New Zealand",1,31,d,"1996 Peterbilt 379 Stake Bed with Outrigger"
"Down Under Souveniers, Inc",323,"New Zealand",1,38,d,"1980’s GM Manhattan Express"
"Baane Mini Imports",121,Norway,1,38,d,"1954 Greyhound Scenicruiser"
"Baane Mini Imports",121,Norway,1,28,d,"1950's Chicago Surface Lines Streetcar"
"Baane Mini Imports",121,Norway,1,38,d,"Diamond T620 Semi-Skirted Tanker"
"Baane Mini Imports",121,Norway,1,44,d,"1962 City of Detroit Streetcar"
"Mini Gifts Distributors Ltd.",124,USA,3,95,d,"1958 Setra Bus"
"Mini Gifts Distributors Ltd.",124,USA,3,120,d,"1940 Ford Pickup Truck"
"Down Under Souveniers, Inc",323,"New Zealand",1,33,d,"1962 Volkswagen Microbus"
"Mini Gifts Distributors Ltd.",124,USA,3,101,d,"1996 Peterbilt 379 Stake Bed with Outrigger"
"Amica Models & Co.",249,Italy,1,21,d,"18th century schooner"
"Handji Gifts& Co",166,Singapore,2,65,d,"1926 Ford Fire Engine"
"Rovelli Gifts",278,Italy,2,71,d,"HMS Bounty"
"Handji Gifts& Co",166,Singapore,2,79,d,"1940s Ford truck"
"Handji Gifts& Co",166,Singapore,2,75,d,"1962 Volkswagen Microbus"
"Handji Gifts& Co",166,Singapore,2,66,d,"1980’s GM Manhattan Express"
"Handji Gifts& Co",166,Singapore,1,39,d,"1996 Peterbilt 379 Stake Bed with Outrigger"
"Amica Models & Co.",249,Italy,1,29,d,"The Mayflower"
"Clover Collections, Co.",189,Ireland,1,20,d,"1950's Chicago Surface Lines Streetcar"
"Handji Gifts& Co",166,Singapore,1,46,d,"1957 Chevy Pickup"
"Clover Collections, Co.",189,Ireland,1,37,d,"Diamond T620 Semi-Skirted Tanker"
"Clover Collections, Co.",189,Ireland,1,30,d,"1962 City of Detroit Streetcar"
"Oulu Toy Supplies, Inc.",311,Finland,1,34,d,"The Titanic"
"Oulu Toy Supplies, Inc.",311,Finland,1,41,d,"The USS Constitution Ship"
"Amica Models & Co.",249,Italy,1,32,d,"Pont Yacht"
"Handji Gifts& Co",166,Singapore,1,34,d,"1964 Mercedes Tour Bus"
"Anna's Decorations, Ltd",276,Australia,1,29,d,"1940s Ford truck"
"Oulu Toy Supplies, Inc.",311,Finland,1,32,d,"HMS Bounty"
"Oulu Toy Supplies, Inc.",311,Finland,1,44,d,"The Schooner Bluenose"
"Anna's Decorations, Ltd",276,Australia,2,66,d,"1926 Ford Fire Engine"
"Anna's Decorations, Ltd",276,Australia,1,22,d,"1964 Mercedes Tour Bus"
"Mini Gifts Distributors Ltd.",124,USA,3,82,d,"Collectable Wooden Train"
"Handji Gifts& Co",166,Singapore,1,40,d,"1954 Greyhound Scenicruiser"
"Handji Gifts& Co",166,Singapore,1,29,d,"Diamond T620 Semi-Skirted Tanker"
"Mini Gifts Distributors Ltd.",124,USA,2,82,d,"18th century schooner"
"Anna's Decorations, Ltd",276,Australia,2,56,d,"1940 Ford Pickup Truck"
"Mini Gifts Distributors Ltd.",124,USA,3,108,d,"1950's Chicago Surface Lines Streetcar"
"Mini Gifts Distributors Ltd.",124,USA,2,79,d,"1962 City of Detroit Streetcar"
"Mini Gifts Distributors Ltd.",124,USA,3,105,d,"The Schooner Bluenose"
"Mini Gifts Distributors Ltd.",124,USA,2,86,d,"The Mayflower"
"Mini Gifts Distributors Ltd.",124,USA,1,21,d,"The Titanic"
"Mini Gifts Distributors Ltd.",124,USA,1,38,d,"The Queen Mary"
"Mini Gifts Distributors Ltd.",124,USA,1,39,d,"Pont Yacht"
"Anna's Decorations, Ltd",276,Australia,2,88,d,"1958 Setra Bus"
"Royal Canadian Collectables, Ltd.",260,Canada,1,33,d,"Pont Yacht"
"Royal Canadian Collectables, Ltd.",260,Canada,1,20,d,"HMS Bounty"
"Royal Canadian Collectables, Ltd.",260,Canada,1,45,d,"The Schooner Bluenose"
"Heintze Collectables",227,Denmark,1,45,d,"1957 Chevy Pickup"
"Heintze Collectables",227,Denmark,1,23,d,"Collectable Wooden Train"
"Royal Canadian Collectables, Ltd.",260,Canada,1,38,d,"The Queen Mary"
"Heintze Collectables",227,Denmark,1,35,d,"1950's Chicago Surface Lines Streetcar"
"Heintze Collectables",227,Denmark,1,28,d,"Diamond T620 Semi-Skirted Tanker"
"Auto-Moto Classics Inc.",198,USA,1,40,d,"1999 Yamaha Speed Boat"
"Heintze Collectables",227,Denmark,1,38,d,"1962 City of Detroit Streetcar"
"Heintze Collectables",227,Denmark,1,23,d,"The Mayflower"
"Lyon Souveniers",250,France,1,46,d,"Diamond T620 Semi-Skirted Tanker"
"Lyon Souveniers",250,France,1,45,d,"1962 City of Detroit Streetcar"
"Auto Associés & Cie.",256,France,2,82,d,"1958 Setra Bus"
"Auto-Moto Classics Inc.",198,USA,1,23,d,"HMS Bounty"
"Down Under Souveniers, Inc",323,"New Zealand",1,30,d,"1940s Ford truck"
"Down Under Souveniers, Inc",323,"New Zealand",1,38,d,"1964 Mercedes Tour Bus"
"Mini Gifts Distributors Ltd.",124,USA,4,148,d,"1957 Chevy Pickup"
"Mini Gifts Distributors Ltd.",124,USA,2,76,d,"1964 Mercedes Tour Bus"
"Mini Gifts Distributors Ltd.",124,USA,3,94,d,"1926 Ford Fire Engine"
"Corporate Gift Ideas Co.",321,USA,1,49,d,"The Mayflower"
"Mini Gifts Distributors Ltd.",124,USA,3,108,d,"1940s Ford truck"
"Mini Gifts Distributors Ltd.",124,USA,4,131,d,"1962 Volkswagen Microbus"
"Oulu Toy Supplies, Inc.",311,Finland,1,22,d,"1999 Yamaha Speed Boat"
"Mini Gifts Distributors Ltd.",124,USA,4,121,d,"1980’s GM Manhattan Express"
"Mini Gifts Distributors Ltd.",124,USA,4,118,d,"1954 Greyhound Scenicruiser"
"Corporate Gift Ideas Co.",321,USA,1,28,d,"18th century schooner"
"Royal Canadian Collectables, Ltd.",260,Canada,1,42,d,"18th century schooner"
giftsbymail.co.uk,240,UK,1,45,d,"HMS Bounty"
"Corporate Gift Ideas Co.",321,USA,1,35,d,"1926 Ford Fire Engine"
"Mini Gifts Distributors Ltd.",124,USA,3,120,d,"Diamond T620 Semi-Skirted Tanker"
giftsbymail.co.uk,240,UK,1,48,d,"The USS Constitution Ship"
"Corporate Gift Ideas Co.",321,USA,1,48,d,"1940 Ford Pickup Truck"
"Auto Associés & Cie.",256,France,1,46,d,"1940 Ford Pickup Truck"
"Corporate Gift Ideas Co.",321,USA,1,20,d,"1958 Setra Bus"
"La Corne D'abondance, Co.",172,France,1,39,d,"1964 Mercedes Tour Bus"
"La Corne D'abondance, Co.",172,France,1,45,d,"1926 Ford Fire Engine"
"Québec Home Shopping Network",233,Canada,1,36,d,"18th century schooner"
"Rovelli Gifts",278,Italy,1,41,d,"1999 Yamaha Speed Boat"
"La Corne D'abondance, Co.",172,France,1,41,d,"1940s Ford truck"
"La Corne D'abondance, Co.",172,France,1,21,d,"1962 Volkswagen Microbus"
"La Corne D'abondance, Co.",172,France,1,32,d,"1980’s GM Manhattan Express"
"La Corne D'abondance, Co.",172,France,1,28,d,"1954 Greyhound Scenicruiser"
"Québec Home Shopping Network",233,Canada,1,34,d,"The Schooner Bluenose"
"Auto Associés & Cie.",256,France,1,36,d,"1996 Peterbilt 379 Stake Bed with Outrigger"
"Québec Home Shopping Network",233,Canada,1,44,d,"The USS Constitution Ship"
"Québec Home Shopping Network",233,Canada,1,25,d,"The Titanic"
"Québec Home Shopping Network",233,Canada,1,50,d,"The Queen Mary"
"Blauer See Auto, Co.",128,Germany,1,46,d,"1950's Chicago Surface Lines Streetcar"
"Blauer See Auto, Co.",128,Germany,1,34,d,"Diamond T620 Semi-Skirted Tanker"
"Blauer See Auto, Co.",128,Germany,1,43,d,"1962 City of Detroit Streetcar"
"La Corne D'abondance, Co.",172,France,1,38,d,"1957 Chevy Pickup"
"Alpha Cognac",242,France,1,41,d,"1999 Yamaha Speed Boat"
"Québec Home Shopping Network",233,Canada,1,29,d,"Pont Yacht"
"La Corne D'abondance, Co.",172,France,1,21,d,"Collectable Wooden Train"
"La Corne D'abondance, Co.",172,France,1,31,d,"1950's Chicago Surface Lines Streetcar"
"La Corne D'abondance, Co.",172,France,1,23,d,"Diamond T620 Semi-Skirted Tanker"
"Québec Home Shopping Network",233,Canada,1,40,d,"1958 Setra Bus"
"Cambridge Collectables Co.",173,USA,1,32,d,"1940 Ford Pickup Truck"
"Cambridge Collectables Co.",173,USA,1,40,d,"HMS Bounty"
"Blauer See Auto, Co.",128,Germany,1,47,d,"1940s Ford truck"
"Québec Home Shopping Network",233,Canada,1,27,d,"1940 Ford Pickup Truck"
"Québec Home Shopping Network",233,Canada,1,46,d,"1940s Ford truck"
"Québec Home Shopping Network",233,Canada,1,26,d,"1980’s GM Manhattan Express"
"Québec Home Shopping Network",233,Canada,1,27,d,"1996 Peterbilt 379 Stake Bed with Outrigger"
"Mini Creations Ltd.",320,USA,1,28,d,"Pont Yacht"
"Mini Creations Ltd.",320,USA,1,22,d,"The Queen Mary"
"Men 'R' US Retailers, Ltd.",347,USA,1,33,d,"HMS Bounty"
"Mini Creations Ltd.",320,USA,1,37,d,"The Titanic"
"Mini Creations Ltd.",320,USA,1,30,d,"The Mayflower"
"Mini Creations Ltd.",320,USA,1,21,d,"The Schooner Bluenose"
"Men 'R' US Retailers, Ltd.",347,USA,1,28,d,"1999 Yamaha Speed Boat"
"CAF Imports",344,Spain,1,40,d,"Pont Yacht"
"CAF Imports",344,Spain,1,24,d,"The Queen Mary"
"Oulu Toy Supplies, Inc.",311,Finland,1,26,d,"Diamond T620 Semi-Skirted Tanker"
"Mini Wheels Co.",129,USA,1,33,d,"1958 Setra Bus"
"Mini Wheels Co.",129,USA,1,29,d,"1940 Ford Pickup Truck"
"Mini Creations Ltd.",320,USA,1,20,d,"1962 City of Detroit Streetcar"
"Collectable Mini Designs Co.",239,USA,1,49,d,"1999 Yamaha Speed Boat"
"Mini Wheels Co.",129,USA,1,33,d,"1996 Peterbilt 379 Stake Bed with Outrigger"
"CAF Imports",344,Spain,1,44,d,"The Titanic"
"CAF Imports",344,Spain,1,32,d,"The USS Constitution Ship"
"CAF Imports",344,Spain,1,31,d,"The Mayflower"
"CAF Imports",344,Spain,1,24,d,"The Schooner Bluenose"
"Gift Depot Inc.",175,USA,1,24,d,"1950's Chicago Surface Lines Streetcar"
"CAF Imports",344,Spain,1,50,d,"18th century schooner"
"Gift Depot Inc.",175,USA,1,51,d,"1962 City of Detroit Streetcar"
"CAF Imports",344,Spain,1,29,d,"Collectable Wooden Train"
"Oulu Toy Supplies, Inc.",311,Finland,1,41,d,"1954 Greyhound Scenicruiser"
"Land of Toys Inc.",131,USA,1,21,d,"1999 Yamaha Speed Boat"
"Mini Creations Ltd.",320,USA,1,30,d,"18th century schooner"
"Land of Toys Inc.",131,USA,1,42,d,"Collectable Wooden Train"
"Mini Creations Ltd.",320,USA,1,49,d,"Collectable Wooden Train"
"Land of Toys Inc.",131,USA,1,48,d,"18th century schooner"
"Mini Creations Ltd.",320,USA,2,70,d,"The USS Constitution Ship"
"Mini Creations Ltd.",320,USA,1,26,d,"HMS Bounty"
"Land of Toys Inc.",131,USA,1,36,d,"The Schooner Bluenose"
"Land of Toys Inc.",131,USA,1,40,d,"The Mayflower"
"Land of Toys Inc.",131,USA,1,32,d,"The USS Constitution Ship"
"Land of Toys Inc.",131,USA,1,30,d,"The Titanic"
"Land of Toys Inc.",131,USA,1,35,d,"The Queen Mary"
"Land of Toys Inc.",131,USA,1,23,d,"Pont Yacht"
"Land of Toys Inc.",131,USA,1,21,d,"1957 Chevy Pickup"
"Oulu Toy Supplies, Inc.",311,Finland,1,27,d,"1980’s GM Manhattan Express"
"Land of Toys Inc.",131,USA,1,41,d,"1964 Mercedes Tour Bus"
"Oulu Toy Supplies, Inc.",311,Finland,1,42,d,"1962 Volkswagen Microbus"
"Oulu Toy Supplies, Inc.",311,Finland,1,39,d,"1926 Ford Fire Engine"
"Oulu Toy Supplies, Inc.",311,Finland,1,49,d,"1964 Mercedes Tour Bus"
"Oulu Toy Supplies, Inc.",311,Finland,1,24,d,"1957 Chevy Pickup"
"Mini Creations Ltd.",320,USA,1,46,d,"1999 Yamaha Speed Boat"
"Land of Toys Inc.",131,USA,1,50,d,"1954 Greyhound Scenicruiser"
"Land of Toys Inc.",131,USA,1,31,d,"1950's Chicago Surface Lines Streetcar"
"Land of Toys Inc.",131,USA,1,41,d,"Diamond T620 Semi-Skirted Tanker"
"Land of Toys Inc.",131,USA,1,35,d,"1962 City of Detroit Streetcar"
"Mini Classics",319,USA,1,49,d,"Diamond T620 Semi-Skirted Tanker"
"Mini Classics",319,USA,1,33,d,"1950's Chicago Surface Lines Streetcar"
"Canadian Gift Exchange Network",202,Canada,2,49,d,"1958 Setra Bus"
"Canadian Gift Exchange Network",202,Canada,1,34,d,"1940 Ford Pickup Truck"
"Mini Classics",319,USA,1,32,d,"1954 Greyhound Scenicruiser"
"Mini Classics",319,USA,1,35,d,"1964 Mercedes Tour Bus"
"Mini Classics",319,USA,1,49,d,"1957 Chevy Pickup"
"Collectable Mini Designs Co.",239,USA,1,31,d,"The Schooner Bluenose"
"Euro+ Shopping Channel",141,Spain,4,183,d,"1957 Chevy Pickup"
"Vitachrome Inc.",181,USA,1,26,d,"1957 Chevy Pickup"
"Euro+ Shopping Channel",141,Spain,5,154,d,"1964 Mercedes Tour Bus"
"Collectable Mini Designs Co.",239,USA,1,26,d,"HMS Bounty"
"Vitachrome Inc.",181,USA,1,33,d,"1964 Mercedes Tour Bus"
"Canadian Gift Exchange Network",202,Canada,2,70,d,"1996 Peterbilt 379 Stake Bed with Outrigger"
"Alpha Cognac",242,France,1,34,d,"HMS Bounty"
"Collectable Mini Designs Co.",239,USA,1,36,d,"The USS Constitution Ship"
"Collectable Mini Designs Co.",239,USA,1,38,d,"The Titanic"
"Euro+ Shopping Channel",141,Spain,4,150,d,"1950's Chicago Surface Lines Streetcar"
"Euro+ Shopping Channel",141,Spain,5,141,d,"Diamond T620 Semi-Skirted Tanker"
"Euro+ Shopping Channel",141,Spain,4,145,d,"1962 City of Detroit Streetcar"
"Vitachrome Inc.",181,USA,1,31,d,"1962 Volkswagen Microbus"
"Euro+ Shopping Channel",141,Spain,4,137,d,"Collectable Wooden Train"
"Collectable Mini Designs Co.",239,USA,1,31,d,"The Queen Mary"
"Euro+ Shopping Channel",141,Spain,3,91,d,"The Mayflower"
"Classic Gift Ideas, Inc",339,USA,1,34,d,"HMS Bounty"
"Vitachrome Inc.",181,USA,1,20,d,"1980’s GM Manhattan Express"
"Vitachrome Inc.",181,USA,1,48,d,"1996 Peterbilt 379 Stake Bed with Outrigger"
"Petit Auto",314,Belgium,1,37,d,"Pont Yacht"
"Toys of Finland, Co.",186,Finland,1,44,d,"1999 Yamaha Speed Boat"
"Petit Auto",314,Belgium,1,26,d,"The Queen Mary"
"Classic Gift Ideas, Inc",339,USA,1,31,d,"1999 Yamaha Speed Boat"
"Classic Gift Ideas, Inc",339,USA,1,49,d,"1996 Peterbilt 379 Stake Bed with Outrigger"
"Canadian Gift Exchange Network",202,Canada,1,29,d,"1964 Mercedes Tour Bus"
"Canadian Gift Exchange Network",202,Canada,1,34,d,"1926 Ford Fire Engine"
"Euro+ Shopping Channel",141,Spain,2,74,d,"18th century schooner"
"Euro+ Shopping Channel",141,Spain,2,89,d,"The Schooner Bluenose"
"Euro+ Shopping Channel",141,Spain,3,126,d,"The Titanic"
"Euro+ Shopping Channel",141,Spain,3,75,d,"The Queen Mary"
"Euro+ Shopping Channel",141,Spain,3,113,d,"Pont Yacht"
"Petit Auto",314,Belgium,1,40,d,"The Titanic"
"Toys of Finland, Co.",186,Finland,1,32,d,"HMS Bounty"
"Classic Gift Ideas, Inc",339,USA,1,21,d,"1940s Ford truck"
"Petit Auto",314,Belgium,1,42,d,"The USS Constitution Ship"
"Anna's Decorations, Ltd",276,Australia,1,25,d,"1996 Peterbilt 379 Stake Bed with Outrigger"
"Canadian Gift Exchange Network",202,Canada,1,28,d,"1940s Ford truck"
"Canadian Gift Exchange Network",202,Canada,1,42,d,"1962 Volkswagen Microbus"
"Canadian Gift Exchange Network",202,Canada,1,27,d,"1980’s GM Manhattan Express"
"Canadian Gift Exchange Network",202,Canada,1,38,d,"1954 Greyhound Scenicruiser"
"Petit Auto",314,Belgium,1,21,d,"The Schooner Bluenose"
"Petit Auto",314,Belgium,1,34,d,"1999 Yamaha Speed Boat"
"Alpha Cognac",242,France,1,32,d,"The Mayflower"
"Alpha Cognac",242,France,1,22,d,"The USS Constitution Ship"
"Alpha Cognac",242,France,1,48,d,"The Titanic"
"Petit Auto",314,Belgium,2,44,d,"The Mayflower"
"Petit Auto",314,Belgium,2,71,d,"18th century schooner"
"Collectable Mini Designs Co.",239,USA,1,36,d,"Pont Yacht"
"Petit Auto",314,Belgium,2,70,d,"Collectable Wooden Train"
"Online Diecast Creations Co.",363,USA,1,35,d,"1926 Ford Fire Engine"
"Alpha Cognac",242,France,1,36,d,"The Queen Mary"
"Marta's Replicas Co.",286,USA,1,42,d,"Diamond T620 Semi-Skirted Tanker"
"Alpha Cognac",242,France,1,34,d,"Pont Yacht"
"Marta's Replicas Co.",286,USA,1,40,d,"1954 Greyhound Scenicruiser"
"Collectables For Less Inc.",379,USA,1,24,d,"HMS Bounty"
"Amica Models & Co.",249,Italy,1,24,d,"1940 Ford Pickup Truck"
"Marta's Replicas Co.",286,USA,1,28,d,"1980’s GM Manhattan Express"
"Marta's Replicas Co.",286,USA,1,24,d,"1962 Volkswagen Microbus"
"Marta's Replicas Co.",286,USA,1,22,d,"1940s Ford truck"
"Online Mini Collectables",204,USA,1,45,d,"The Queen Mary"
"Royale Belge",381,Belgium,1,27,d,"1950's Chicago Surface Lines Streetcar"
"Royale Belge",381,Belgium,1,28,d,"1999 Yamaha Speed Boat"
"Salzburg Collectables",382,Austria,1,21,d,"1999 Yamaha Speed Boat"
"Salzburg Collectables",382,Austria,1,25,d,"The Schooner Bluenose"
"Salzburg Collectables",382,Austria,1,29,d,"HMS Bounty"
"Euro+ Shopping Channel",141,Spain,2,77,d,"1926 Ford Fire Engine"
"Euro+ Shopping Channel",141,Spain,3,140,d,"1962 Volkswagen Microbus"
"Salzburg Collectables",382,Austria,1,38,d,"The USS Constitution Ship"
"Euro+ Shopping Channel",141,Spain,3,112,d,"1999 Yamaha Speed Boat"
"L'ordine Souveniers",386,Italy,1,22,d,"1950's Chicago Surface Lines Streetcar"
"L'ordine Souveniers",386,Italy,1,23,d,"Diamond T620 Semi-Skirted Tanker"
"L'ordine Souveniers",386,Italy,1,38,d,"1962 City of Detroit Streetcar"
"Tokyo Collectables, Ltd",398,Japan,1,41,d,"1958 Setra Bus"
"Classic Gift Ideas, Inc",339,USA,1,21,d,"1940 Ford Pickup Truck"
"Euro+ Shopping Channel",141,Spain,2,73,d,"HMS Bounty"
"Classic Gift Ideas, Inc",339,USA,1,41,d,"1958 Setra Bus"
"Suominen Souveniers",334,Finland,1,49,d,"1962 City of Detroit Streetcar"
"Suominen Souveniers",334,Finland,1,40,d,"1950's Chicago Surface Lines Streetcar"
"Suominen Souveniers",334,Finland,1,44,d,"Diamond T620 Semi-Skirted Tanker"
"Marta's Replicas Co.",286,USA,1,41,d,"1926 Ford Fire Engine"
"Marta's Replicas Co.",286,USA,1,36,d,"1964 Mercedes Tour Bus"
"Tokyo Collectables, Ltd",398,Japan,1,41,d,"1940 Ford Pickup Truck"
"Marta's Replicas Co.",286,USA,1,38,d,"1957 Chevy Pickup"
"Tokyo Collectables, Ltd",398,Japan,1,20,d,"1996 Peterbilt 379 Stake Bed with Outrigger"
"Euro+ Shopping Channel",141,Spain,2,66,d,"The USS Constitution Ship"
"Suominen Souveniers",334,Finland,1,24,d,"1954 Greyhound Scenicruiser"
"Tokyo Collectables, Ltd",398,Japan,1,22,d,"The Schooner Bluenose"
"Tokyo Collectables, Ltd",398,Japan,1,55,d,"HMS Bounty"
"Tokyo Collectables, Ltd",398,Japan,1,50,d,"The USS Constitution Ship"
"Euro+ Shopping Channel",141,Spain,1,41,d,"1980’s GM Manhattan Express"
"Euro+ Shopping Channel",141,Spain,2,80,d,"1996 Peterbilt 379 Stake Bed with Outrigger"
"Tokyo Collectables, Ltd",398,Japan,1,25,d,"Collectable Wooden Train"
"Tokyo Collectables, Ltd",398,Japan,1,37,d,"18th century schooner"
"Tokyo Collectables, Ltd",398,Japan,1,24,d,"1962 City of Detroit Streetcar"
"Tokyo Collectables, Ltd",398,Japan,1,44,d,"The Mayflower"
"Extreme Desk Decorations, Ltd",412,"New Zealand",1,48,d,"1999 Yamaha Speed Boat"
"Suominen Souveniers",334,Finland,1,47,d,"1964 Mercedes Tour Bus"
"Suominen Souveniers",334,Finland,1,21,d,"1957 Chevy Pickup"
"Extreme Desk Decorations, Ltd",412,"New Zealand",1,29,d,"HMS Bounty"
"Bavarian Collectables Imports, Co.",415,Germany,1,21,d,"1999 Yamaha Speed Boat"
"Australian Gift Network, Co",333,Australia,1,48,d,"1940 Ford Pickup Truck"
"Australian Gift Network, Co",333,Australia,1,43,d,"1958 Setra Bus"
"Muscle Machine Inc",151,USA,2,83,d,"1964 Mercedes Tour Bus"
"Euro+ Shopping Channel",141,Spain,1,49,d,"1958 Setra Bus"
"Euro+ Shopping Channel",141,Spain,1,54,d,"1940 Ford Pickup Truck"
"Bavarian Collectables Imports, Co.",415,Germany,1,34,d,"HMS Bounty"
"Classic Legends Inc.",424,USA,1,46,d,"1957 Chevy Pickup"
"Classic Legends Inc.",424,USA,1,27,d,"Diamond T620 Semi-Skirted Tanker"
"Souveniers And Things Co.",282,Australia,1,24,d,"HMS Bounty"
"Classic Legends Inc.",424,USA,1,29,d,"18th century schooner"
"Classic Legends Inc.",424,USA,1,21,d,"1962 City of Detroit Streetcar"
"Classic Legends Inc.",424,USA,1,36,d,"The Mayflower"
"Volvo Model Replicas, Co",144,Sweden,1,32,d,"Collectable Wooden Train"
"Classic Legends Inc.",424,USA,1,31,d,"The Titanic"
"Volvo Model Replicas, Co",144,Sweden,1,41,d,"18th century schooner"
"Classic Legends Inc.",424,USA,1,36,d,"The Queen Mary"
"Classic Legends Inc.",424,USA,1,42,d,"Pont Yacht"
"Volvo Model Replicas, Co",144,Sweden,1,39,d,"The Schooner Bluenose"
"Souveniers And Things Co.",282,Australia,1,21,d,"1996 Peterbilt 379 Stake Bed with Outrigger"
"Volvo Model Replicas, Co",144,Sweden,1,46,d,"1964 Mercedes Tour Bus"
"Volvo Model Replicas, Co",144,Sweden,1,34,d,"1926 Ford Fire Engine"
"Souveniers And Things Co.",282,Australia,1,32,d,"1980’s GM Manhattan Express"
"Volvo Model Replicas, Co",144,Sweden,1,49,d,"1940s Ford truck"
"Volvo Model Replicas, Co",144,Sweden,1,42,d,"1962 Volkswagen Microbus"
"Gift Ideas Corp.",447,USA,1,22,d,"HMS Bounty"
"Scandinavian Gift Ideas",448,Sweden,1,33,d,"18th century schooner"
"Scandinavian Gift Ideas",448,Sweden,1,43,d,"The Schooner Bluenose"
"Scandinavian Gift Ideas",448,Sweden,1,29,d,"HMS Bounty"
"Danish Wholesale Imports",145,Denmark,1,38,d,"Collectable Wooden Train"
"Scandinavian Gift Ideas",448,Sweden,1,46,d,"The USS Constitution Ship"
"Danish Wholesale Imports",145,Denmark,1,43,d,"18th century schooner"
"Scandinavian Gift Ideas",448,Sweden,1,24,d,"The Titanic"
"Scandinavian Gift Ideas",448,Sweden,1,28,d,"The Queen Mary"
"Danish Wholesale Imports",145,Denmark,1,41,d,"The Schooner Bluenose"
"Danish Wholesale Imports",145,Denmark,2,49,d,"The Mayflower"
"Danish Wholesale Imports",145,Denmark,2,52,d,"The USS Constitution Ship"
"Danish Wholesale Imports",145,Denmark,2,82,d,"The Titanic"
"Danish Wholesale Imports",145,Denmark,2,59,d,"The Queen Mary"
"Danish Wholesale Imports",145,Denmark,2,62,d,"Pont Yacht"
"Scandinavian Gift Ideas",448,Sweden,1,38,d,"Pont Yacht"
"Scandinavian Gift Ideas",448,Sweden,1,41,d,"1958 Setra Bus"
"Scandinavian Gift Ideas",448,Sweden,1,41,d,"1940 Ford Pickup Truck"
"Scandinavian Gift Ideas",448,Sweden,1,26,d,"1926 Ford Fire Engine"
"Scandinavian Gift Ideas",448,Sweden,1,48,d,"1940s Ford truck"
"Scandinavian Gift Ideas",448,Sweden,1,48,d,"1962 Volkswagen Microbus"
"Scandinavian Gift Ideas",448,Sweden,1,26,d,"1980’s GM Manhattan Express"
"Scandinavian Gift Ideas",448,Sweden,1,32,d,"1996 Peterbilt 379 Stake Bed with Outrigger"
"Kelly's Gift Shop",496,"New Zealand",1,46,d,"1999 Yamaha Speed Boat"
"The Sharp Gifts Warehouse",450,USA,1,30,d,"1999 Yamaha Speed Boat"
"Australian Gift Network, Co",333,Australia,1,33,d,"1950's Chicago Surface Lines Streetcar"
"The Sharp Gifts Warehouse",450,USA,1,46,d,"HMS Bounty"
"Danish Wholesale Imports",145,Denmark,1,25,d,"1999 Yamaha Speed Boat"
"Mini Auto Werke",452,Austria,1,49,d,"1958 Setra Bus"
"Mini Auto Werke",452,Austria,1,36,d,"1940 Ford Pickup Truck"
"Mini Auto Werke",452,Austria,1,45,d,"1940s Ford truck"
"Mini Auto Werke",452,Austria,1,24,d,"1980’s GM Manhattan Express"
"Mini Auto Werke",452,Austria,1,49,d,"1996 Peterbilt 379 Stake Bed with Outrigger"
"Saveley & Henriot, Co.",146,France,1,38,d,"1958 Setra Bus"
"Saveley & Henriot, Co.",146,France,1,21,d,"1940 Ford Pickup Truck"
"Saveley & Henriot, Co.",146,France,1,45,d,"1926 Ford Fire Engine"
"Saveley & Henriot, Co.",146,France,1,32,d,"1940s Ford truck"
"Super Scale Inc.",455,USA,1,35,d,"Collectable Wooden Train"
"Saveley & Henriot, Co.",146,France,1,49,d,"1962 Volkswagen Microbus"
"Saveley & Henriot, Co.",146,France,1,37,d,"1980’s GM Manhattan Express"
"Saveley & Henriot, Co.",146,France,1,39,d,"1996 Peterbilt 379 Stake Bed with Outrigger"
"Super Scale Inc.",455,USA,1,46,d,"1962 City of Detroit Streetcar"
"Super Scale Inc.",455,USA,1,50,d,"The Mayflower"
"Super Scale Inc.",455,USA,1,38,d,"1958 Setra Bus"
"Super Scale Inc.",455,USA,1,29,d,"1940 Ford Pickup Truck"
"Super Scale Inc.",455,USA,1,21,d,"1940s Ford truck"
"Saveley & Henriot, Co.",146,France,1,48,d,"Collectable Wooden Train"
"Super Scale Inc.",455,USA,1,37,d,"1980’s GM Manhattan Express"
"Saveley & Henriot, Co.",146,France,1,35,d,"18th century schooner"
"Super Scale Inc.",455,USA,1,44,d,"1996 Peterbilt 379 Stake Bed with Outrigger"
"Saveley & Henriot, Co.",146,France,1,30,d,"1962 City of Detroit Streetcar"
"Saveley & Henriot, Co.",146,France,1,38,d,"The Schooner Bluenose"
"Saveley & Henriot, Co.",146,France,1,40,d,"The Mayflower"
"Saveley & Henriot, Co.",146,France,1,46,d,"The USS Constitution Ship"
"Saveley & Henriot, Co.",146,France,1,37,d,"The Titanic"
"Saveley & Henriot, Co.",146,France,1,33,d,"The Queen Mary"
"Saveley & Henriot, Co.",146,France,1,42,d,"Pont Yacht"
"Corrida Auto Replicas, Ltd",458,Spain,1,21,d,"1958 Setra Bus"
"Corrida Auto Replicas, Ltd",458,Spain,1,38,d,"1940 Ford Pickup Truck"
"Corrida Auto Replicas, Ltd",458,Spain,1,43,d,"1926 Ford Fire Engine"
"Corrida Auto Replicas, Ltd",458,Spain,1,50,d,"1940s Ford truck"
"Corrida Auto Replicas, Ltd",458,Spain,2,64,d,"1962 Volkswagen Microbus"
"Corrida Auto Replicas, Ltd",458,Spain,2,85,d,"1980’s GM Manhattan Express"
"Corrida Auto Replicas, Ltd",458,Spain,2,57,d,"1996 Peterbilt 379 Stake Bed with Outrigger"
FunGiftIdeas.com,462,USA,1,29,d,"The Mayflower"
"Australian Collectables, Ltd",471,Australia,1,32,d,"HMS Bounty"
"Frau da Collezione",473,Italy,1,22,d,"1964 Mercedes Tour Bus"
"West Coast Collectables Co.",475,USA,1,46,d,"1940 Ford Pickup Truck"
"Iberia Gift Imports, Corp.",484,Spain,1,37,d,"1957 Chevy Pickup"
"Iberia Gift Imports, Corp.",484,Spain,1,46,d,"1964 Mercedes Tour Bus"
"Iberia Gift Imports, Corp.",484,Spain,1,44,d,"1926 Ford Fire Engine"
"Iberia Gift Imports, Corp.",484,Spain,1,24,d,"1962 Volkswagen Microbus"
"Iberia Gift Imports, Corp.",484,Spain,1,46,d,"1980’s GM Manhattan Express"
"Iberia Gift Imports, Corp.",484,Spain,1,33,d,"1954 Greyhound Scenicruiser"
"Iberia Gift Imports, Corp.",484,Spain,1,48,d,"1950's Chicago Surface Lines Streetcar"
"Iberia Gift Imports, Corp.",484,Spain,1,45,d,"Diamond T620 Semi-Skirted Tanker"
"Dragon Souveniers, Ltd.",148,Singapore,2,71,d,"Collectable Wooden Train"
"Signal Collectibles Ltd.",487,USA,1,48,d,"1957 Chevy Pickup"
"Signal Collectibles Ltd.",487,USA,1,35,d,"1954 Greyhound Scenicruiser"
"Dragon Souveniers, Ltd.",148,Singapore,1,41,d,"18th century schooner"
"Dragon Souveniers, Ltd.",148,Singapore,2,59,d,"1962 City of Detroit Streetcar"
"Dragon Souveniers, Ltd.",148,Singapore,1,38,d,"The Mayflower"
"Dragon Souveniers, Ltd.",148,Singapore,1,45,d,"The Queen Mary"
"Dragon Souveniers, Ltd.",148,Singapore,1,50,d,"Pont Yacht"
"Royal Canadian Collectables, Ltd.",260,Canada,1,21,d,"1999 Yamaha Speed Boat"
"Royal Canadian Collectables, Ltd.",260,Canada,1,47,d,"The USS Constitution Ship"
"Dragon Souveniers, Ltd.",148,Singapore,1,30,d,"1958 Setra Bus"
"Dragon Souveniers, Ltd.",148,Singapore,1,34,d,"1940 Ford Pickup Truck"
"Auto Associés & Cie.",256,France,1,24,c,"1934 Ford V8 Coupe"
"Atelier graphique",103,France,1,43,c,"1938 Cadillac V-16 Presidential Limousine"
"Signal Gift Stores",112,USA,1,21,c,"1917 Grand Touring Sedan"
"Signal Gift Stores",112,USA,1,42,c,"1911 Ford Town Car"
"Signal Gift Stores",112,USA,1,42,c,"1932 Model A Ford J-Coupe"
"Signal Gift Stores",112,USA,1,36,c,"1932 Alfa Romeo 8C2300 Spider Sport"
"Auto Associés & Cie.",256,France,1,26,c,"18th Century Vintage Horse Carriage"
"Auto Associés & Cie.",256,France,1,38,c,"1917 Maxwell Touring Car"
"Signal Gift Stores",112,USA,1,45,c,"1939 Chevrolet Deluxe Coupe"
"Signal Gift Stores",112,USA,1,22,c,"1938 Cadillac V-16 Presidential Limousine"
"Auto Associés & Cie.",256,France,1,34,c,"1939 Cadillac Limousine"
"Auto Associés & Cie.",256,France,1,23,c,"1939 Chevrolet Deluxe Coupe"
"Auto Associés & Cie.",256,France,1,44,c,"1938 Cadillac V-16 Presidential Limousine"
giftsbymail.co.uk,240,UK,1,22,c,"1903 Ford Model A"
"Signal Gift Stores",112,USA,2,68,c,"1936 Mercedes Benz 500k Roadster"
"AV Stores, Co.",187,UK,1,42,c,"1917 Grand Touring Sedan"
"AV Stores, Co.",187,UK,2,70,c,"1911 Ford Town Car"
"AV Stores, Co.",187,UK,2,68,c,"1932 Model A Ford J-Coupe"
"AV Stores, Co.",187,UK,2,55,c,"1928 Mercedes-Benz SSK"
"AV Stores, Co.",187,UK,2,78,c,"1932 Alfa Romeo 8C2300 Spider Sport"
giftsbymail.co.uk,240,UK,1,23,c,"1904 Buick Runabout"
"AV Stores, Co.",187,UK,2,65,c,"1939 Chevrolet Deluxe Coupe"
"AV Stores, Co.",187,UK,2,65,c,"1938 Cadillac V-16 Presidential Limousine"
"Signal Gift Stores",112,USA,1,42,c,"1937 Lincoln Berline"
"Online Diecast Creations Co.",363,USA,1,49,c,"1936 Mercedes Benz 500k Roadster"
"Online Diecast Creations Co.",363,USA,1,22,c,"1932 Alfa Romeo 8C2300 Spider Sport"
"Online Diecast Creations Co.",363,USA,1,50,c,"1911 Ford Town Car"
"Online Diecast Creations Co.",363,USA,1,30,c,"1917 Grand Touring Sedan"
Gifts4AllAges.com,362,USA,1,51,c,"1940 Ford Delivery Sedan"
"Australian Collectors, Co.",114,Australia,2,49,c,"1928 Ford Phaeton Deluxe"
"Australian Collectors, Co.",114,Australia,2,90,c,"1930 Buick Marquette Phaeton"
Gifts4AllAges.com,362,USA,1,56,c,"1904 Buick Runabout"
Gifts4AllAges.com,362,USA,1,41,c,"1903 Ford Model A"
"Australian Collectors, Co.",114,Australia,1,32,c,"1937 Lincoln Berline"
"Australian Collectors, Co.",114,Australia,2,55,c,"1928 Mercedes-Benz SSK"
"AV Stores, Co.",187,UK,2,89,c,"1936 Mercedes Benz 500k Roadster"
"Auto Associés & Cie.",256,France,1,33,c,"1936 Chrysler Airflow"
"Rovelli Gifts",278,Italy,1,48,c,"1936 Mercedes-Benz 500K Special Roadster"
"AV Stores, Co.",187,UK,1,32,c,"1903 Ford Model A"
giftsbymail.co.uk,240,UK,1,47,c,"1941 Chevrolet Special Deluxe Cabriolet"
"AV Stores, Co.",187,UK,1,39,c,"1904 Buick Runabout"
"Australian Collectors, Co.",114,Australia,1,21,c,"1936 Mercedes-Benz 500K Special Roadster"
"Australian Collectors, Co.",114,Australia,1,48,c,"1913 Ford Model T Speedster"
"Australian Collectors, Co.",114,Australia,1,34,c,"1934 Ford V8 Coupe"
"Australian Collectors, Co.",114,Australia,1,45,c,"18th Century Vintage Horse Carriage"
"Australian Collectors, Co.",114,Australia,1,26,c,"1917 Maxwell Touring Car"
Gifts4AllAges.com,362,USA,2,106,c,"1912 Ford Model T Delivery Wagon"
GiftsForHim.com,357,"New Zealand",1,50,c,"1936 Chrysler Airflow"
GiftsForHim.com,357,"New Zealand",1,31,c,"1938 Cadillac V-16 Presidential Limousine"
GiftsForHim.com,357,"New Zealand",1,44,c,"1917 Maxwell Touring Car"
GiftsForHim.com,357,"New Zealand",1,34,c,"18th Century Vintage Horse Carriage"
GiftsForHim.com,357,"New Zealand",1,53,c,"1934 Ford V8 Coupe"
GiftsForHim.com,357,"New Zealand",1,47,c,"1913 Ford Model T Speedster"
GiftsForHim.com,357,"New Zealand",1,56,c,"1928 Mercedes-Benz SSK"
GiftsForHim.com,357,"New Zealand",1,44,c,"1936 Mercedes-Benz 500K Special Roadster"
"La Rochelle Gifts",119,France,2,72,c,"1928 Ford Phaeton Deluxe"
"La Rochelle Gifts",119,France,2,87,c,"1930 Buick Marquette Phaeton"
GiftsForHim.com,357,"New Zealand",1,65,c,"1937 Lincoln Berline"
"La Rochelle Gifts",119,France,1,36,c,"1904 Buick Runabout"
"La Rochelle Gifts",119,France,1,24,c,"1912 Ford Model T Delivery Wagon"
GiftsForHim.com,357,"New Zealand",1,32,c,"1903 Ford Model A"
"Reims Collectables",353,France,1,49,c,"1930 Buick Marquette Phaeton"
"Reims Collectables",353,France,1,22,c,"1928 Ford Phaeton Deluxe"
"AV Stores, Co.",187,UK,1,31,c,"1912 Ford Model T Delivery Wagon"
"Baane Mini Imports",121,Norway,1,27,c,"1913 Ford Model T Speedster"
"Baane Mini Imports",121,Norway,1,35,c,"1934 Ford V8 Coupe"
"Baane Mini Imports",121,Norway,1,25,c,"18th Century Vintage Horse Carriage"
"Baane Mini Imports",121,Norway,1,46,c,"1917 Maxwell Touring Car"
"Baane Mini Imports",121,Norway,1,41,c,"1939 Cadillac Limousine"
"Baane Mini Imports",121,Norway,1,25,c,"1936 Chrysler Airflow"
"Reims Collectables",353,France,1,34,c,"1937 Horch 930V Limousine"
"Reims Collectables",353,France,1,45,c,"1941 Chevrolet Special Deluxe Cabriolet"
"AV Stores, Co.",187,UK,1,46,c,"1937 Lincoln Berline"
"AV Stores, Co.",187,UK,1,27,c,"1936 Mercedes-Benz 500K Special Roadster"
"Baane Mini Imports",121,Norway,1,24,c,"1903 Ford Model A"
"AV Stores, Co.",187,UK,1,26,c,"1934 Ford V8 Coupe"
"Mini Gifts Distributors Ltd.",124,USA,4,167,c,"1939 Cadillac Limousine"
"AV Stores, Co.",187,UK,1,40,c,"18th Century Vintage Horse Carriage"
"Rovelli Gifts",278,Italy,1,43,c,"1937 Lincoln Berline"
giftsbymail.co.uk,240,UK,1,47,c,"1937 Horch 930V Limousine"
giftsbymail.co.uk,240,UK,1,25,c,"1940 Ford Delivery Sedan"
"Rovelli Gifts",278,Italy,2,73,c,"1930 Buick Marquette Phaeton"
giftsbymail.co.uk,240,UK,1,24,c,"1928 Ford Phaeton Deluxe"
"Marseille Mini Autos",350,France,1,20,c,"1939 Chevrolet Deluxe Coupe"
"Marseille Mini Autos",350,France,1,21,c,"1932 Alfa Romeo 8C2300 Spider Sport"
"Marseille Mini Autos",350,France,1,30,c,"1932 Model A Ford J-Coupe"
"Marseille Mini Autos",350,France,1,40,c,"1911 Ford Town Car"
"Marseille Mini Autos",350,France,1,45,c,"1917 Grand Touring Sedan"
"Oulu Toy Supplies, Inc.",311,Finland,1,23,c,"1940 Ford Delivery Sedan"
"Mini Gifts Distributors Ltd.",124,USA,3,123,c,"1903 Ford Model A"
"Clover Collections, Co.",189,Ireland,1,28,c,"1928 Ford Phaeton Deluxe"
"Mini Gifts Distributors Ltd.",124,USA,2,69,c,"1904 Buick Runabout"
"Mini Gifts Distributors Ltd.",124,USA,2,76,c,"1912 Ford Model T Delivery Wagon"
"Mini Gifts Distributors Ltd.",124,USA,2,68,c,"1937 Lincoln Berline"
"Mini Gifts Distributors Ltd.",124,USA,2,57,c,"1936 Mercedes-Benz 500K Special Roadster"
"Mini Gifts Distributors Ltd.",124,USA,2,92,c,"1917 Grand Touring Sedan"
"Mini Gifts Distributors Ltd.",124,USA,2,68,c,"1911 Ford Town Car"
"Mini Gifts Distributors Ltd.",124,USA,3,82,c,"1932 Model A Ford J-Coupe"
"Mini Gifts Distributors Ltd.",124,USA,4,107,c,"1928 Mercedes-Benz SSK"
"Mini Gifts Distributors Ltd.",124,USA,4,141,c,"1917 Maxwell Touring Car"
"Mini Gifts Distributors Ltd.",124,USA,1,36,c,"1932 Alfa Romeo 8C2300 Spider Sport"
"Oulu Toy Supplies, Inc.",311,Finland,1,46,c,"1937 Horch 930V Limousine"
"Mini Gifts Distributors Ltd.",124,USA,2,78,c,"1939 Chevrolet Deluxe Coupe"
"Mini Gifts Distributors Ltd.",124,USA,3,94,c,"1938 Cadillac V-16 Presidential Limousine"
"Auto-Moto Classics Inc.",198,USA,1,33,c,"1941 Chevrolet Special Deluxe Cabriolet"
"Auto-Moto Classics Inc.",198,USA,1,26,c,"1917 Maxwell Touring Car"
"Auto-Moto Classics Inc.",198,USA,1,45,c,"1936 Chrysler Airflow"
"Mini Gifts Distributors Ltd.",124,USA,3,100,c,"1936 Mercedes Benz 500k Roadster"
"Oulu Toy Supplies, Inc.",311,Finland,1,33,c,"1912 Ford Model T Delivery Wagon"
"Oulu Toy Supplies, Inc.",311,Finland,1,50,c,"1941 Chevrolet Special Deluxe Cabriolet"
giftsbymail.co.uk,240,UK,1,34,c,"1930 Buick Marquette Phaeton"
"Rovelli Gifts",278,Italy,2,57,c,"1928 Ford Phaeton Deluxe"
"Rovelli Gifts",278,Italy,2,51,c,"1937 Horch 930V Limousine"
"Mini Gifts Distributors Ltd.",124,USA,2,78,c,"1913 Ford Model T Speedster"
"Mini Gifts Distributors Ltd.",124,USA,2,84,c,"1934 Ford V8 Coupe"
"Mini Gifts Distributors Ltd.",124,USA,2,82,c,"18th Century Vintage Horse Carriage"
"Mini Gifts Distributors Ltd.",124,USA,2,77,c,"1936 Chrysler Airflow"
"Mini Gifts Distributors Ltd.",124,USA,2,74,c,"1940 Ford Delivery Sedan"
"Rovelli Gifts",278,Italy,2,75,c,"1941 Chevrolet Special Deluxe Cabriolet"
"Blauer See Auto, Co.",128,Germany,1,25,c,"1932 Model A Ford J-Coupe"
"Blauer See Auto, Co.",128,Germany,1,26,c,"1928 Mercedes-Benz SSK"
"Blauer See Auto, Co.",128,Germany,1,45,c,"1939 Chevrolet Deluxe Coupe"
"Blauer See Auto, Co.",128,Germany,1,46,c,"1938 Cadillac V-16 Presidential Limousine"
"Anna's Decorations, Ltd",276,Australia,1,24,c,"1938 Cadillac V-16 Presidential Limousine"
"Royal Canadian Collectables, Ltd.",260,Canada,1,34,c,"1928 Ford Phaeton Deluxe"
"Royal Canadian Collectables, Ltd.",260,Canada,1,41,c,"1930 Buick Marquette Phaeton"
"Royal Canadian Collectables, Ltd.",260,Canada,1,34,c,"1904 Buick Runabout"
"Anna's Decorations, Ltd",276,Australia,1,33,c,"1939 Chevrolet Deluxe Coupe"
"UK Collectables, Ltd.",201,UK,1,43,c,"1917 Grand Touring Sedan"
"UK Collectables, Ltd.",201,UK,1,38,c,"1932 Alfa Romeo 8C2300 Spider Sport"
"Alpha Cognac",242,France,1,48,c,"1941 Chevrolet Special Deluxe Cabriolet"
"Anna's Decorations, Ltd",276,Australia,1,32,c,"1913 Ford Model T Speedster"
"Alpha Cognac",242,France,1,27,c,"1937 Horch 930V Limousine"
"Alpha Cognac",242,France,1,21,c,"1940 Ford Delivery Sedan"
"Blauer See Auto, Co.",128,Germany,1,33,c,"1917 Maxwell Touring Car"
"Mini Wheels Co.",129,USA,1,33,c,"1937 Lincoln Berline"
"Mini Wheels Co.",129,USA,1,48,c,"1936 Mercedes-Benz 500K Special Roadster"
"Mini Wheels Co.",129,USA,1,28,c,"1934 Ford V8 Coupe"
"Mini Wheels Co.",129,USA,1,43,c,"18th Century Vintage Horse Carriage"
"Mini Wheels Co.",129,USA,2,85,c,"1917 Maxwell Touring Car"
"Mini Wheels Co.",129,USA,2,65,c,"1936 Chrysler Airflow"
"Men 'R' US Retailers, Ltd.",347,USA,1,22,c,"1940 Ford Delivery Sedan"
"Men 'R' US Retailers, Ltd.",347,USA,1,36,c,"1937 Horch 930V Limousine"
"Men 'R' US Retailers, Ltd.",347,USA,1,20,c,"1941 Chevrolet Special Deluxe Cabriolet"
"Mini Wheels Co.",129,USA,1,31,c,"1913 Ford Model T Speedster"
"Mini Wheels Co.",129,USA,1,24,c,"1939 Cadillac Limousine"
"CAF Imports",344,Spain,1,45,c,"1912 Ford Model T Delivery Wagon"
"CAF Imports",344,Spain,1,35,c,"1904 Buick Runabout"
"Land of Toys Inc.",131,USA,1,32,c,"1903 Ford Model A"
"Land of Toys Inc.",131,USA,1,42,c,"1904 Buick Runabout"
"Land of Toys Inc.",131,USA,1,30,c,"1912 Ford Model T Delivery Wagon"
"Land of Toys Inc.",131,USA,1,23,c,"1940 Ford Delivery Sedan"
"Norway Gifts By Mail, Co.",299,"Norway  ",1,33,c,"1930 Buick Marquette Phaeton"
"Norway Gifts By Mail, Co.",299,"Norway  ",1,50,c,"1928 Ford Phaeton Deluxe"
"Anna's Decorations, Ltd",276,Australia,1,42,c,"1936 Mercedes-Benz 500K Special Roadster"
"Canadian Gift Exchange Network",202,Canada,1,37,c,"1913 Ford Model T Speedster"
"Canadian Gift Exchange Network",202,Canada,1,28,c,"1934 Ford V8 Coupe"
"CAF Imports",344,Spain,1,23,c,"1903 Ford Model A"
"Canadian Gift Exchange Network",202,Canada,1,30,c,"18th Century Vintage Horse Carriage"
"Canadian Gift Exchange Network",202,Canada,1,28,c,"1917 Maxwell Touring Car"
"Canadian Gift Exchange Network",202,Canada,1,21,c,"1939 Cadillac Limousine"
"Canadian Gift Exchange Network",202,Canada,1,33,c,"1936 Chrysler Airflow"
"Anna's Decorations, Ltd",276,Australia,1,35,c,"1937 Lincoln Berline"
"Kelly's Gift Shop",496,"New Zealand",1,29,c,"1903 Ford Model A"
"Euro+ Shopping Channel",141,Spain,4,140,c,"1903 Ford Model A"
"Euro+ Shopping Channel",141,Spain,4,123,c,"1904 Buick Runabout"
"Classic Gift Ideas, Inc",339,USA,1,22,c,"1940 Ford Delivery Sedan"
"Classic Gift Ideas, Inc",339,USA,1,22,c,"1937 Horch 930V Limousine"
"Classic Gift Ideas, Inc",339,USA,1,48,c,"1941 Chevrolet Special Deluxe Cabriolet"
"Euro+ Shopping Channel",141,Spain,2,89,c,"1928 Ford Phaeton Deluxe"
"Euro+ Shopping Channel",141,Spain,3,96,c,"1930 Buick Marquette Phaeton"
"Classic Gift Ideas, Inc",339,USA,1,47,c,"1936 Chrysler Airflow"
"Classic Gift Ideas, Inc",339,USA,1,40,c,"1939 Cadillac Limousine"
"Classic Gift Ideas, Inc",339,USA,1,22,c,"18th Century Vintage Horse Carriage"
"Anna's Decorations, Ltd",276,Australia,1,20,c,"1939 Cadillac Limousine"
"Norway Gifts By Mail, Co.",299,"Norway  ",1,39,c,"1937 Horch 930V Limousine"
"Euro+ Shopping Channel",141,Spain,3,103,c,"1937 Lincoln Berline"
"Euro+ Shopping Channel",141,Spain,2,68,c,"1936 Mercedes-Benz 500K Special Roadster"
"Euro+ Shopping Channel",141,Spain,3,104,c,"1928 Mercedes-Benz SSK"
"Euro+ Shopping Channel",141,Spain,2,64,c,"1939 Chevrolet Deluxe Coupe"
"Euro+ Shopping Channel",141,Spain,3,90,c,"1938 Cadillac V-16 Presidential Limousine"
"Royal Canadian Collectables, Ltd.",260,Canada,1,46,c,"1941 Chevrolet Special Deluxe Cabriolet"
"Euro+ Shopping Channel",141,Spain,1,30,c,"1913 Ford Model T Speedster"
"Euro+ Shopping Channel",141,Spain,1,24,c,"1934 Ford V8 Coupe"
"Euro+ Shopping Channel",141,Spain,1,29,c,"18th Century Vintage Horse Carriage"
"Euro+ Shopping Channel",141,Spain,1,36,c,"1917 Maxwell Touring Car"
"Euro+ Shopping Channel",141,Spain,2,81,c,"1936 Chrysler Airflow"
"Classic Gift Ideas, Inc",339,USA,1,39,c,"1934 Ford V8 Coupe"
"Euro+ Shopping Channel",141,Spain,2,56,c,"1941 Chevrolet Special Deluxe Cabriolet"
"Classic Gift Ideas, Inc",339,USA,1,37,c,"1913 Ford Model T Speedster"
"Euro+ Shopping Channel",141,Spain,2,81,c,"1937 Horch 930V Limousine"
"Euro+ Shopping Channel",141,Spain,2,74,c,"1940 Ford Delivery Sedan"
"Euro+ Shopping Channel",141,Spain,2,73,c,"1932 Alfa Romeo 8C2300 Spider Sport"
"Euro+ Shopping Channel",141,Spain,1,30,c,"1912 Ford Model T Delivery Wagon"
"Souveniers And Things Co.",282,Australia,1,15,c,"1936 Mercedes Benz 500k Roadster"
"Souveniers And Things Co.",282,Australia,1,45,c,"1939 Chevrolet Deluxe Coupe"
"Euro+ Shopping Channel",141,Spain,2,56,c,"1939 Cadillac Limousine"
"Souveniers And Things Co.",282,Australia,1,66,c,"1932 Alfa Romeo 8C2300 Spider Sport"
"Euro+ Shopping Channel",141,Spain,1,39,c,"1917 Grand Touring Sedan"
"Euro+ Shopping Channel",141,Spain,1,27,c,"1911 Ford Town Car"
"Euro+ Shopping Channel",141,Spain,1,40,c,"1932 Model A Ford J-Coupe"
"Euro+ Shopping Channel",141,Spain,1,43,c,"1936 Mercedes Benz 500k Roadster"
"Australian Gift Network, Co",333,Australia,1,49,c,"1939 Cadillac Limousine"
"Australian Gift Network, Co",333,Australia,1,46,c,"1913 Ford Model T Speedster"
"Souveniers And Things Co.",282,Australia,1,36,c,"1911 Ford Town Car"
"Volvo Model Replicas, Co",144,Sweden,1,23,c,"1913 Ford Model T Speedster"
"Souveniers And Things Co.",282,Australia,1,37,c,"1917 Grand Touring Sedan"
"Souveniers And Things Co.",282,Australia,1,33,c,"1930 Buick Marquette Phaeton"
"Souveniers And Things Co.",282,Australia,1,49,c,"1928 Ford Phaeton Deluxe"
"Souveniers And Things Co.",282,Australia,1,34,c,"1937 Horch 930V Limousine"
"Volvo Model Replicas, Co",144,Sweden,1,50,c,"1904 Buick Runabout"
"Volvo Model Replicas, Co",144,Sweden,1,41,c,"1912 Ford Model T Delivery Wagon"
"Volvo Model Replicas, Co",144,Sweden,1,20,c,"1940 Ford Delivery Sedan"
"Souveniers And Things Co.",282,Australia,1,44,c,"1939 Cadillac Limousine"
"Amica Models & Co.",249,Italy,1,50,c,"1937 Lincoln Berline"
Toys4GrownUps.com,205,USA,1,37,c,"1917 Grand Touring Sedan"
"Danish Wholesale Imports",145,Denmark,1,22,c,"1903 Ford Model A"
"Danish Wholesale Imports",145,Denmark,1,41,c,"1904 Buick Runabout"
"Danish Wholesale Imports",145,Denmark,1,44,c,"1912 Ford Model T Delivery Wagon"
"Danish Wholesale Imports",145,Denmark,1,50,c,"1940 Ford Delivery Sedan"
Toys4GrownUps.com,205,USA,1,45,c,"1911 Ford Town Car"
Toys4GrownUps.com,205,USA,1,27,c,"1932 Model A Ford J-Coupe"
Toys4GrownUps.com,205,USA,1,32,c,"1928 Mercedes-Benz SSK"
"Amica Models & Co.",249,Italy,1,27,c,"1936 Mercedes-Benz 500K Special Roadster"
Toys4GrownUps.com,205,USA,1,43,c,"1932 Alfa Romeo 8C2300 Spider Sport"
"Amica Models & Co.",249,Italy,1,26,c,"1917 Grand Touring Sedan"
"Amica Models & Co.",249,Italy,1,25,c,"1911 Ford Town Car"
"Amica Models & Co.",249,Italy,1,37,c,"1932 Model A Ford J-Coupe"
"Danish Wholesale Imports",145,Denmark,1,34,c,"1937 Lincoln Berline"
"Danish Wholesale Imports",145,Denmark,1,29,c,"1936 Mercedes-Benz 500K Special Roadster"
"Tekni Collectables Inc.",328,USA,1,56,c,"1930 Buick Marquette Phaeton"
Toys4GrownUps.com,205,USA,1,23,c,"1939 Chevrolet Deluxe Coupe"
Toys4GrownUps.com,205,USA,1,28,c,"1938 Cadillac V-16 Presidential Limousine"
"Amica Models & Co.",249,Italy,1,22,c,"1928 Mercedes-Benz SSK"
"Amica Models & Co.",249,Italy,1,46,c,"1913 Ford Model T Speedster"
"Mini Caravy",209,France,1,41,c,"1917 Grand Touring Sedan"
"Saveley & Henriot, Co.",146,France,1,41,c,"1939 Cadillac Limousine"
"Mini Caravy",209,France,1,33,c,"1911 Ford Town Car"
"Amica Models & Co.",249,Italy,1,43,c,"1934 Ford V8 Coupe"
"Mini Caravy",209,France,1,42,c,"1932 Alfa Romeo 8C2300 Spider Sport"
"Amica Models & Co.",249,Italy,1,29,c,"18th Century Vintage Horse Carriage"
"Saveley & Henriot, Co.",146,France,1,24,c,"1903 Ford Model A"
"Saveley & Henriot, Co.",146,France,1,45,c,"1904 Buick Runabout"
"Saveley & Henriot, Co.",146,France,1,20,c,"1912 Ford Model T Delivery Wagon"
"Saveley & Henriot, Co.",146,France,1,25,c,"1937 Lincoln Berline"
"Saveley & Henriot, Co.",146,France,1,31,c,"1936 Mercedes-Benz 500K Special Roadster"
"Saveley & Henriot, Co.",146,France,1,26,c,"1917 Grand Touring Sedan"
"Saveley & Henriot, Co.",146,France,1,28,c,"1911 Ford Town Car"
"Saveley & Henriot, Co.",146,France,1,46,c,"1932 Model A Ford J-Coupe"
"Saveley & Henriot, Co.",146,France,1,29,c,"1928 Mercedes-Benz SSK"
"Saveley & Henriot, Co.",146,France,1,33,c,"1917 Maxwell Touring Car"
"Saveley & Henriot, Co.",146,France,1,34,c,"1932 Alfa Romeo 8C2300 Spider Sport"
"Amica Models & Co.",249,Italy,1,34,c,"1917 Maxwell Touring Car"
"Saveley & Henriot, Co.",146,France,1,42,c,"1939 Chevrolet Deluxe Coupe"
"Saveley & Henriot, Co.",146,France,1,24,c,"1938 Cadillac V-16 Presidential Limousine"
"Amica Models & Co.",249,Italy,1,35,c,"1932 Alfa Romeo 8C2300 Spider Sport"
"Amica Models & Co.",249,Italy,1,20,c,"1939 Chevrolet Deluxe Coupe"
"Amica Models & Co.",249,Italy,1,45,c,"1938 Cadillac V-16 Presidential Limousine"
"Saveley & Henriot, Co.",146,France,1,27,c,"1936 Mercedes Benz 500k Roadster"
"Amica Models & Co.",249,Italy,1,33,c,"1936 Mercedes Benz 500k Roadster"
"Amica Models & Co.",249,Italy,1,21,c,"1936 Chrysler Airflow"
"Mini Caravy",209,France,1,24,c,"1928 Mercedes-Benz SSK"
"Dragon Souveniers, Ltd.",148,Singapore,1,26,c,"1903 Ford Model A"
"Mini Caravy",209,France,1,37,c,"1938 Cadillac V-16 Presidential Limousine"
"Dragon Souveniers, Ltd.",148,Singapore,1,23,c,"1904 Buick Runabout"
"Dragon Souveniers, Ltd.",148,Singapore,1,47,c,"1913 Ford Model T Speedster"
"Dragon Souveniers, Ltd.",148,Singapore,1,30,c,"1934 Ford V8 Coupe"
"Dragon Souveniers, Ltd.",148,Singapore,1,26,c,"18th Century Vintage Horse Carriage"
"Dragon Souveniers, Ltd.",148,Singapore,1,30,c,"1939 Cadillac Limousine"
"Amica Models & Co.",249,Italy,1,24,c,"1903 Ford Model A"
"Souveniers And Things Co.",282,Australia,1,29,c,"1936 Chrysler Airflow"
"Tekni Collectables Inc.",328,USA,1,62,c,"1928 Ford Phaeton Deluxe"
"King Kong Collectables, Co.",211,"Hong Kong",2,58,c,"1928 Ford Phaeton Deluxe"
"King Kong Collectables, Co.",211,"Hong Kong",1,41,c,"1930 Buick Marquette Phaeton"
"Souveniers And Things Co.",282,Australia,1,30,c,"1917 Maxwell Touring Car"
"Souveniers And Things Co.",282,Australia,2,58,c,"18th Century Vintage Horse Carriage"
"Technics Stores Inc.",161,USA,1,31,c,"1928 Ford Phaeton Deluxe"
"Technics Stores Inc.",161,USA,1,48,c,"1930 Buick Marquette Phaeton"
"Souveniers And Things Co.",282,Australia,2,77,c,"1913 Ford Model T Speedster"
"Rovelli Gifts",278,Italy,1,31,c,"1932 Model A Ford J-Coupe"
"Souveniers And Things Co.",282,Australia,1,45,c,"1932 Model A Ford J-Coupe"
"Vitachrome Inc.",181,USA,1,38,c,"1939 Cadillac Limousine"
"Down Under Souveniers, Inc",323,"New Zealand",1,20,c,"1936 Mercedes Benz 500k Roadster"
"Down Under Souveniers, Inc",323,"New Zealand",1,38,c,"1939 Chevrolet Deluxe Coupe"
"Down Under Souveniers, Inc",323,"New Zealand",1,34,c,"1932 Alfa Romeo 8C2300 Spider Sport"
"Vitachrome Inc.",181,USA,1,33,c,"1936 Chrysler Airflow"
"Down Under Souveniers, Inc",323,"New Zealand",1,41,c,"1932 Model A Ford J-Coupe"
"Down Under Souveniers, Inc",323,"New Zealand",1,36,c,"1911 Ford Town Car"
"Rovelli Gifts",278,Italy,1,26,c,"1911 Ford Town Car"
"Rovelli Gifts",278,Italy,1,24,c,"1917 Grand Touring Sedan"
"Herkku Gifts",167,"Norway  ",1,38,c,"1937 Lincoln Berline"
"Herkku Gifts",167,"Norway  ",1,24,c,"1936 Mercedes-Benz 500K Special Roadster"
"Toys of Finland, Co.",186,Finland,1,29,c,"1941 Chevrolet Special Deluxe Cabriolet"
"Herkku Gifts",167,"Norway  ",1,43,c,"1928 Mercedes-Benz SSK"
"Toys of Finland, Co.",186,Finland,1,34,c,"1937 Horch 930V Limousine"
"Toys of Finland, Co.",186,Finland,1,37,c,"1940 Ford Delivery Sedan"
"Herkku Gifts",167,"Norway  ",1,45,c,"1938 Cadillac V-16 Presidential Limousine"
"Down Under Souveniers, Inc",323,"New Zealand",1,49,c,"1917 Grand Touring Sedan"
"Souveniers And Things Co.",282,Australia,1,31,c,"1937 Lincoln Berline"
"Corporate Gift Ideas Co.",321,USA,1,43,c,"1912 Ford Model T Delivery Wagon"
"Petit Auto",314,Belgium,1,48,c,"1940 Ford Delivery Sedan"
"Petit Auto",314,Belgium,1,27,c,"1912 Ford Model T Delivery Wagon"
"Petit Auto",314,Belgium,1,50,c,"1941 Chevrolet Special Deluxe Cabriolet"
"Tekni Collectables Inc.",328,USA,1,40,c,"1912 Ford Model T Delivery Wagon"
"Corporate Gift Ideas Co.",321,USA,1,35,c,"18th Century Vintage Horse Carriage"
"Corporate Gift Ideas Co.",321,USA,1,40,c,"1934 Ford V8 Coupe"
"Down Under Souveniers, Inc",323,"New Zealand",1,33,c,"1936 Chrysler Airflow"
"Petit Auto",314,Belgium,2,72,c,"1904 Buick Runabout"
"Corporate Gift Ideas Co.",321,USA,1,41,c,"1913 Ford Model T Speedster"
"Auto Associés & Cie.",256,France,1,46,c,"1913 Ford Model T Speedster"
"Petit Auto",314,Belgium,2,73,c,"1903 Ford Model A"
"Online Diecast Creations Co.",363,USA,1,43,c,"1937 Lincoln Berline"
"Online Diecast Creations Co.",363,USA,1,41,c,"1936 Mercedes-Benz 500K Special Roadster"
"Online Diecast Creations Co.",363,USA,1,50,c,"1932 Model A Ford J-Coupe"
"Stylish Desk Decors, Co.",324,UK,1,38,c,"1937 Horch 930V Limousine"
"Online Diecast Creations Co.",363,USA,1,36,c,"1928 Mercedes-Benz SSK"
"Online Diecast Creations Co.",363,USA,1,33,c,"1913 Ford Model T Speedster"
"Online Diecast Creations Co.",363,USA,1,41,c,"1934 Ford V8 Coupe"
"Online Diecast Creations Co.",363,USA,1,48,c,"18th Century Vintage Horse Carriage"
"Online Diecast Creations Co.",363,USA,1,20,c,"1939 Chevrolet Deluxe Coupe"
"Online Diecast Creations Co.",363,USA,1,30,c,"1938 Cadillac V-16 Presidential Limousine"
"Collectables For Less Inc.",379,USA,1,24,c,"1937 Horch 930V Limousine"
"Down Under Souveniers, Inc",323,"New Zealand",1,44,c,"1939 Cadillac Limousine"
"Collectables For Less Inc.",379,USA,1,44,c,"1937 Lincoln Berline"
"Collectables For Less Inc.",379,USA,1,32,c,"1936 Mercedes-Benz 500K Special Roadster"
"Collectables For Less Inc.",379,USA,1,42,c,"1913 Ford Model T Speedster"
"Collectables For Less Inc.",379,USA,1,28,c,"1934 Ford V8 Coupe"
"Collectables For Less Inc.",379,USA,1,21,c,"18th Century Vintage Horse Carriage"
"Collectables For Less Inc.",379,USA,1,45,c,"1917 Maxwell Touring Car"
"Collectables For Less Inc.",379,USA,1,40,c,"1936 Chrysler Airflow"
"Stylish Desk Decors, Co.",324,UK,1,20,c,"1941 Chevrolet Special Deluxe Cabriolet"
"Royale Belge",381,Belgium,1,20,c,"1928 Ford Phaeton Deluxe"
"Muscle Machine Inc",151,USA,1,39,c,"1936 Mercedes Benz 500k Roadster"
"Royale Belge",381,Belgium,1,45,c,"1941 Chevrolet Special Deluxe Cabriolet"
"Corporate Gift Ideas Co.",321,USA,1,37,c,"1936 Mercedes Benz 500k Roadster"
"Salzburg Collectables",382,Austria,1,27,c,"1941 Chevrolet Special Deluxe Cabriolet"
"Salzburg Collectables",382,Austria,1,35,c,"1912 Ford Model T Delivery Wagon"
"Salzburg Collectables",382,Austria,1,20,c,"1937 Horch 930V Limousine"
"Salzburg Collectables",382,Austria,1,35,c,"1940 Ford Delivery Sedan"
"Corporate Gift Ideas Co.",321,USA,1,43,c,"1938 Cadillac V-16 Presidential Limousine"
"Québec Home Shopping Network",233,Canada,1,20,c,"1904 Buick Runabout"
"Muscle Machine Inc",151,USA,1,33,c,"1917 Grand Touring Sedan"
"Salzburg Collectables",382,Austria,1,32,c,"1934 Ford V8 Coupe"
"Salzburg Collectables",382,Austria,1,48,c,"1936 Chrysler Airflow"
"Cruz & Sons Co.",385,Philippines,1,27,c,"1937 Horch 930V Limousine"
"Rovelli Gifts",278,Italy,1,22,c,"1936 Chrysler Airflow"
"Rovelli Gifts",278,Italy,1,35,c,"1936 Mercedes Benz 500k Roadster"
"Diecast Classics Inc.",157,USA,1,51,c,"1937 Lincoln Berline"
"L'ordine Souveniers",386,Italy,1,26,c,"1928 Ford Phaeton Deluxe"
"L'ordine Souveniers",386,Italy,1,37,c,"1930 Buick Marquette Phaeton"
"Diecast Classics Inc.",157,USA,1,25,c,"1936 Mercedes-Benz 500K Special Roadster"
"Québec Home Shopping Network",233,Canada,1,22,c,"1912 Ford Model T Delivery Wagon"
"Tokyo Collectables, Ltd",398,Japan,1,21,c,"1939 Cadillac Limousine"
"Rovelli Gifts",278,Italy,1,29,c,"1917 Maxwell Touring Car"
"Tokyo Collectables, Ltd",398,Japan,1,55,c,"1912 Ford Model T Delivery Wagon"
"Tokyo Collectables, Ltd",398,Japan,1,29,c,"1937 Horch 930V Limousine"
"Tokyo Collectables, Ltd",398,Japan,1,42,c,"1940 Ford Delivery Sedan"
"Boards & Toys Co.",219,USA,1,31,c,"1912 Ford Model T Delivery Wagon"
"Rovelli Gifts",278,Italy,1,27,c,"1938 Cadillac V-16 Presidential Limousine"
"Corporate Gift Ideas Co.",321,USA,1,37,c,"1939 Chevrolet Deluxe Coupe"
"Tokyo Collectables, Ltd",398,Japan,1,28,c,"1903 Ford Model A"
"Enaco Distributors",216,Spain,1,22,c,"1941 Chevrolet Special Deluxe Cabriolet"
"Tokyo Collectables, Ltd",398,Japan,1,41,c,"1904 Buick Runabout"
"Muscle Machine Inc",151,USA,1,23,c,"1911 Ford Town Car"
"Enaco Distributors",216,Spain,1,39,c,"1928 Ford Phaeton Deluxe"
"Technics Stores Inc.",161,USA,1,29,c,"1939 Cadillac Limousine"
"Tokyo Collectables, Ltd",398,Japan,1,15,c,"1936 Mercedes Benz 500k Roadster"
"Muscle Machine Inc",151,USA,1,26,c,"1932 Model A Ford J-Coupe"
"Extreme Desk Decorations, Ltd",412,"New Zealand",1,39,c,"1941 Chevrolet Special Deluxe Cabriolet"
"Extreme Desk Decorations, Ltd",412,"New Zealand",1,25,c,"1937 Horch 930V Limousine"
"Extreme Desk Decorations, Ltd",412,"New Zealand",1,31,c,"1940 Ford Delivery Sedan"
"La Corne D'abondance, Co.",172,France,1,48,c,"1903 Ford Model A"
"Extreme Desk Decorations, Ltd",412,"New Zealand",1,49,c,"1937 Lincoln Berline"
"Extreme Desk Decorations, Ltd",412,"New Zealand",1,26,c,"1936 Mercedes-Benz 500K Special Roadster"
"Extreme Desk Decorations, Ltd",412,"New Zealand",1,34,c,"1917 Grand Touring Sedan"
"Extreme Desk Decorations, Ltd",412,"New Zealand",1,31,c,"1911 Ford Town Car"
"Extreme Desk Decorations, Ltd",412,"New Zealand",1,50,c,"1932 Model A Ford J-Coupe"
"Extreme Desk Decorations, Ltd",412,"New Zealand",1,35,c,"1928 Mercedes-Benz SSK"
"Extreme Desk Decorations, Ltd",412,"New Zealand",1,39,c,"1917 Maxwell Touring Car"
"Extreme Desk Decorations, Ltd",412,"New Zealand",1,35,c,"1932 Alfa Romeo 8C2300 Spider Sport"
"Extreme Desk Decorations, Ltd",412,"New Zealand",1,33,c,"1939 Chevrolet Deluxe Coupe"
"Extreme Desk Decorations, Ltd",412,"New Zealand",1,40,c,"1938 Cadillac V-16 Presidential Limousine"
"Extreme Desk Decorations, Ltd",412,"New Zealand",1,30,c,"1936 Mercedes Benz 500k Roadster"
"Enaco Distributors",216,Spain,1,50,c,"1904 Buick Runabout"
"Bavarian Collectables Imports, Co.",415,Germany,1,22,c,"1941 Chevrolet Special Deluxe Cabriolet"
"Bavarian Collectables Imports, Co.",415,Germany,1,31,c,"1937 Horch 930V Limousine"
"Bavarian Collectables Imports, Co.",415,Germany,1,22,c,"1940 Ford Delivery Sedan"
"Bavarian Collectables Imports, Co.",415,Germany,1,26,c,"1930 Buick Marquette Phaeton"
"Auto Associés & Cie.",256,France,1,37,c,"1937 Lincoln Berline"
"Auto Associés & Cie.",256,France,1,37,c,"1936 Mercedes-Benz 500K Special Roadster"
"Handji Gifts& Co",166,Singapore,1,32,c,"1917 Grand Touring Sedan"
"Classic Legends Inc.",424,USA,1,31,c,"1913 Ford Model T Speedster"
"Classic Legends Inc.",424,USA,1,48,c,"1934 Ford V8 Coupe"
"Classic Legends Inc.",424,USA,1,40,c,"18th Century Vintage Horse Carriage"
"Classic Legends Inc.",424,USA,1,43,c,"1917 Maxwell Touring Car"
"Classic Legends Inc.",424,USA,1,42,c,"1936 Chrysler Airflow"
"Classic Legends Inc.",424,USA,1,29,c,"1904 Buick Runabout"
"Handji Gifts& Co",166,Singapore,1,28,c,"1911 Ford Town Car"
"Handji Gifts& Co",166,Singapore,2,37,c,"1932 Model A Ford J-Coupe"
"Handji Gifts& Co",166,Singapore,1,35,c,"1932 Alfa Romeo 8C2300 Spider Sport"
"Cambridge Collectables Co.",173,USA,1,24,c,"1913 Ford Model T Speedster"
"Cambridge Collectables Co.",173,USA,1,45,c,"1934 Ford V8 Coupe"
"Cambridge Collectables Co.",173,USA,1,31,c,"18th Century Vintage Horse Carriage"
"Gift Ideas Corp.",447,USA,1,29,c,"1937 Horch 930V Limousine"
"Cambridge Collectables Co.",173,USA,1,33,c,"1936 Chrysler Airflow"
"Gift Ideas Corp.",447,USA,1,40,c,"1928 Ford Phaeton Deluxe"
"Gift Ideas Corp.",447,USA,1,40,c,"1930 Buick Marquette Phaeton"
"Scandinavian Gift Ideas",448,Sweden,1,34,c,"1941 Chevrolet Special Deluxe Cabriolet"
"Cambridge Collectables Co.",173,USA,1,46,c,"1941 Chevrolet Special Deluxe Cabriolet"
"Scandinavian Gift Ideas",448,Sweden,1,20,c,"1912 Ford Model T Delivery Wagon"
"Scandinavian Gift Ideas",448,Sweden,1,32,c,"1937 Horch 930V Limousine"
"Scandinavian Gift Ideas",448,Sweden,1,29,c,"1940 Ford Delivery Sedan"
"Corporate Gift Ideas Co.",321,USA,1,39,c,"1932 Alfa Romeo 8C2300 Spider Sport"
"Cambridge Collectables Co.",173,USA,1,25,c,"1937 Horch 930V Limousine"
"Souveniers And Things Co.",282,Australia,1,41,c,"1928 Mercedes-Benz SSK"
"Corporate Gift Ideas Co.",321,USA,1,48,c,"1928 Mercedes-Benz SSK"
"Anna's Decorations, Ltd",276,Australia,1,34,c,"1932 Alfa Romeo 8C2300 Spider Sport"
"Muscle Machine Inc",151,USA,1,29,c,"1932 Alfa Romeo 8C2300 Spider Sport"
"Québec Home Shopping Network",233,Canada,1,35,c,"1939 Cadillac Limousine"
"Handji Gifts& Co",166,Singapore,2,90,c,"1939 Chevrolet Deluxe Coupe"
"Enaco Distributors",216,Spain,1,40,c,"1930 Buick Marquette Phaeton"
"Scandinavian Gift Ideas",448,Sweden,1,47,c,"1913 Ford Model T Speedster"
"Scandinavian Gift Ideas",448,Sweden,1,37,c,"1934 Ford V8 Coupe"
"Scandinavian Gift Ideas",448,Sweden,1,23,c,"18th Century Vintage Horse Carriage"
"Auto Associés & Cie.",256,France,1,24,c,"1932 Model A Ford J-Coupe"
"Scandinavian Gift Ideas",448,Sweden,1,29,c,"1939 Cadillac Limousine"
"Auto Associés & Cie.",256,France,1,20,c,"1928 Mercedes-Benz SSK"
"Rovelli Gifts",278,Italy,1,31,c,"18th Century Vintage Horse Carriage"
"Corporate Gift Ideas Co.",321,USA,1,38,c,"1932 Model A Ford J-Coupe"
"The Sharp Gifts Warehouse",450,USA,1,50,c,"1928 Ford Phaeton Deluxe"
"The Sharp Gifts Warehouse",450,USA,1,36,c,"1930 Buick Marquette Phaeton"
"The Sharp Gifts Warehouse",450,USA,1,50,c,"1913 Ford Model T Speedster"
"The Sharp Gifts Warehouse",450,USA,1,49,c,"1934 Ford V8 Coupe"
"The Sharp Gifts Warehouse",450,USA,1,37,c,"18th Century Vintage Horse Carriage"
"Corporate Gift Ideas Co.",321,USA,1,27,c,"1911 Ford Town Car"
"The Sharp Gifts Warehouse",450,USA,1,46,c,"1936 Chrysler Airflow"
"Corporate Gift Ideas Co.",321,USA,1,29,c,"1917 Grand Touring Sedan"
"The Sharp Gifts Warehouse",450,USA,1,58,c,"1941 Chevrolet Special Deluxe Cabriolet"
"The Sharp Gifts Warehouse",450,USA,1,38,c,"1937 Horch 930V Limousine"
"The Sharp Gifts Warehouse",450,USA,1,42,c,"1940 Ford Delivery Sedan"
"Corporate Gift Ideas Co.",321,USA,2,70,c,"1936 Mercedes-Benz 500K Special Roadster"
"The Sharp Gifts Warehouse",450,USA,1,76,c,"1917 Grand Touring Sedan"
"The Sharp Gifts Warehouse",450,USA,1,42,c,"1911 Ford Town Car"
"The Sharp Gifts Warehouse",450,USA,1,6,c,"1932 Alfa Romeo 8C2300 Spider Sport"
"Corporate Gift Ideas Co.",321,USA,1,48,c,"1937 Lincoln Berline"
"Lyon Souveniers",250,France,1,50,c,"1937 Lincoln Berline"
"Lyon Souveniers",250,France,1,22,c,"1936 Mercedes-Benz 500K Special Roadster"
"Mini Auto Werke",452,Austria,1,25,c,"1939 Cadillac Limousine"
"Enaco Distributors",216,Spain,1,47,c,"1912 Ford Model T Delivery Wagon"
"Handji Gifts& Co",166,Singapore,1,33,c,"1936 Mercedes Benz 500k Roadster"
"Mini Auto Werke",452,Austria,1,37,c,"1934 Ford V8 Coupe"
"Mini Auto Werke",452,Austria,1,29,c,"18th Century Vintage Horse Carriage"
"Mini Auto Werke",452,Austria,1,36,c,"1917 Maxwell Touring Car"
"Super Scale Inc.",455,USA,1,49,c,"1903 Ford Model A"
"Lyon Souveniers",250,France,1,29,c,"1932 Model A Ford J-Coupe"
"Lyon Souveniers",250,France,1,30,c,"1928 Mercedes-Benz SSK"
"Diecast Classics Inc.",157,USA,1,44,c,"1939 Cadillac Limousine"
"Collectable Mini Designs Co.",239,USA,1,45,c,"1941 Chevrolet Special Deluxe Cabriolet"
"Rovelli Gifts",278,Italy,1,28,c,"1934 Ford V8 Coupe"
"Collectable Mini Designs Co.",239,USA,1,47,c,"1912 Ford Model T Delivery Wagon"
"Super Scale Inc.",455,USA,1,45,c,"1939 Cadillac Limousine"
"Lyon Souveniers",250,France,1,48,c,"1939 Chevrolet Deluxe Coupe"
"Heintze Collectables",227,Denmark,1,20,c,"1903 Ford Model A"
"Microscale Inc.",456,USA,1,46,c,"1936 Mercedes Benz 500k Roadster"
"Mini Creations Ltd.",320,USA,1,33,c,"1912 Ford Model T Delivery Wagon"
"Enaco Distributors",216,Spain,1,22,c,"1940 Ford Delivery Sedan"
"Corrida Auto Replicas, Ltd",458,Spain,1,42,c,"1936 Mercedes-Benz 500K Special Roadster"
"Mini Creations Ltd.",320,USA,1,47,c,"1904 Buick Runabout"
"Corrida Auto Replicas, Ltd",458,Spain,1,31,c,"1913 Ford Model T Speedster"
"Corrida Auto Replicas, Ltd",458,Spain,1,46,c,"1934 Ford V8 Coupe"
"Corrida Auto Replicas, Ltd",458,Spain,1,30,c,"18th Century Vintage Horse Carriage"
"Corrida Auto Replicas, Ltd",458,Spain,1,38,c,"1917 Maxwell Touring Car"
"Lyon Souveniers",250,France,1,26,c,"1938 Cadillac V-16 Presidential Limousine"
"Corrida Auto Replicas, Ltd",458,Spain,2,72,c,"1939 Cadillac Limousine"
